sep=,
Device,ComId,ListName,ListType,Name,Description,Value,ArrayIndex,Unit
C0,0,RamEcuInputsC0,DB_RAM_ECU,bi3PressureBlockOscillationState,Pressure Block Oscillation Sensor State,0,0,[custom]
C0,1,RamEcuInputsC0,DB_RAM_ECU,i16PressureBlockOscillationValue,Pressure Block Oscillation Sensor Value,0,0,0.1Bar
C0,2,RamEcuInputsC0,DB_RAM_ECU,u16PressureBlockOscillationRawValue,Pressure Block Oscillation Sensor Raw value,3976,0,0.1mA
C0,3,RamEcuInputsC0,DB_RAM_ECU,bi3PressureBrakeSensorState,Pressure Brake Sensor State,1,0,[custom]
C0,4,RamEcuInputsC0,DB_RAM_ECU,i16PressureBrakeSensorValue,Pressure Brake Sensor Value,34,0,0.1Bar
C0,5,RamEcuInputsC0,DB_RAM_ECU,u16PressureBrakeSensorRawValue,Pressure Brake Sensor Raw value,6270,0,0.1mA
C0,6,RamEcuInputsC0,DB_RAM_ECU,bi3TemperatureTransmissionState,Temperature Transmission Sensor State,1,0,[custom]
C0,7,RamEcuInputsC0,DB_RAM_ECU,i16TemperatureTransmissionValue,Temperature Transmission Sensor Value,118,0,°C
C0,8,RamEcuInputsC0,DB_RAM_ECU,u16TemperatureTransmissionRawValue,Temperature Transmission Sensor Raw value,11662,0,mV
C0,9,RamEcuInputsC0,DB_RAM_ECU,bi3FaultPvgLeftTrakState,Fault Pvg Left Trak State,1,0,[custom]
C0,10,RamEcuInputsC0,DB_RAM_ECU,i16FaultPvgLeftTrakValue,Fault Pvg Left Trak Value,47,0,[custom]
C0,11,RamEcuInputsC0,DB_RAM_ECU,u16FaultPvgLeftTrakRawValue,Fault Pvg Left Trak Raw value,696,0,mV
C0,12,RamEcuInputsC0,DB_RAM_ECU,bi3FaultPvgRightTrakState,Fault Pvg Right Trak State,1,0,[custom]
C0,13,RamEcuInputsC0,DB_RAM_ECU,i16FaultPvgRightTrakValue,Fault Pvg Right Trak Value,49,0,[custom]
C0,14,RamEcuInputsC0,DB_RAM_ECU,u16FaultPvgRightTrakRawValue,Fault Pvg Right Trak Raw value,688,0,mV
C0,15,RamEcuInputsC0,DB_RAM_ECU,eDownAxleOscillantState,Down Axle oscillant State,0,0,[custom]
C0,16,RamEcuInputsC0,DB_RAM_ECU,u16DownAxleOscillantRawValue,Down Axle oscillant  Raw value,6,0,[custom]
C0,17,RamEcuInputsC0,DB_RAM_ECU,eDownAxleFixeState,Down Axle fixe state,0,0,[custom]
C0,18,RamEcuInputsC0,DB_RAM_ECU,u16DownAxleFixeRawValue,Down Axle fixe Raw value,4,0,[custom]
C0,19,RamEcuInputsC0,DB_RAM_ECU,eUpAxleOscillantState,Up Axle oscillant state,0,0,[custom]
C0,20,RamEcuInputsC0,DB_RAM_ECU,u16UpAxleOscillantRawValue,Up Axle oscillant value,7,0,[custom]
C0,21,RamEcuInputsC0,DB_RAM_ECU,eUpAxleFixeState,Up Axle fixe state,1,0,[custom]
C0,22,RamEcuInputsC0,DB_RAM_ECU,u16UpAxleFixeRawValue,Up Axle fixe raw value,5000,0,[custom]
C0,23,RamEcuInputsC0,DB_RAM_ECU,eFrameRotationSensor1State,Frame rotation sensor 1 state,0,0,[custom]
C0,24,RamEcuInputsC0,DB_RAM_ECU,u16FrameRotationSensor1RawValuePin0,Frame rotation sensor 1 raw value,7,0,[custom]
C0,475,RamEcuInputsC0,DB_RAM_ECU,u16FrameRotationSensor1RawValuePin1,Frame rotation sensor 1 raw value Pin 1,5000,0,[custom]
C0,25,RamEcuInputsC0,DB_RAM_ECU,eRailHookSensorState,Rail hook sensor state,1,0,[custom]
C0,26,RamEcuInputsC0,DB_RAM_ECU,u16RailHookSensorRawValue,Rail hook sensor raw value,5000,0,[custom]
C0,27,RamEcuInputsC0,DB_RAM_ECU,eInductiveRailSensorState,Inductive Rail sensor state,0,0,[custom]
C0,28,RamEcuInputsC0,DB_RAM_ECU,u16InductiveRailSensorRawValue,Inductive Rail sensor raw value,65535,0,[custom]
C0,29,RamEcuInputsC0,DB_RAM_ECU,eCenteredTurretState,Centered turret state,0,0,[custom]
C0,30,RamEcuInputsC0,DB_RAM_ECU,u16CenteredTurretRawValue,Centered turret raw value,5000,0,[custom]
C0,31,RamEcuInputsC0,DB_RAM_ECU,eWorkKeyTrackSideState,Work Key track Side state,1,0,[custom]
C0,32,RamEcuInputsC0,DB_RAM_ECU,u16WorkKeyTrackSideRawValue,Work Key track Side raw value,15,0,[custom]
C0,33,RamEcuInputsC0,DB_RAM_ECU,eFrameRotationSensor2State,Frame rotation sensor 2 state,0,0,[custom]
C0,34,RamEcuInputsC0,DB_RAM_ECU,u16FrameRotationSensor2RawValuePin0,Frame rotation sensor 2 raw value Pin 0,14,0,[custom]
C0,474,RamEcuInputsC0,DB_RAM_ECU,u16FrameRotationSensor2RawValuePin1,Frame rotation sensor 2 raw value Pin 1,5000,0,[custom]
C0,35,RamEcuInputsC0,DB_RAM_ECU,eWorkKeyBilateralState,Work Key Bilateral state,1,0,[custom]
C0,36,RamEcuInputsC0,DB_RAM_ECU,u16WorkKeyBilateralRawValue,Work Key Bilateral raw value,6,0,[custom]
C0,37,RamEcuInputsC0,DB_RAM_ECU,eWorkKeyCentredState,Work Key Centred state,0,0,[custom]
C0,38,RamEcuInputsC0,DB_RAM_ECU,u16WorkKeyCentredRawValue,Work Key Centred raw value,5000,0,[custom]
C0,39,RamEcuInputsC0,DB_RAM_ECU,eAbutmentTurretTrackSideState,Abutment turret track side state,1,0,[custom]
C0,40,RamEcuInputsC0,DB_RAM_ECU,u16AbutmentTurretTrackSideRaw,Abutment turret track side raw value,15,0,[custom]
C0,43,RamEcuInputsC0,DB_RAM_ECU,eAbutmentTurretCentredSideState,Abutment Turret Centred Side state,0,0,[custom]
C0,44,RamEcuInputsC0,DB_RAM_ECU,u16AbutmentTurretCentredSideRaw,Abutment Turret Centred Side raw value,5000,0,[custom]
C0,45,RamEcuInputsC0,DB_RAM_ECU,eOscillantAxleSpeedSensorDirState,Oscillant Axle Speed Sensor Direction state,1,0,[custom]
C0,46,RamEcuInputsC0,DB_RAM_ECU,u16OscillantAxleSpeedSensorDirRaw,Oscillant Axle Speed Sensor Direction Raw value,24,0,[custom]
C0,47,RamEcuInputsC0,DB_RAM_ECU,eFixeAxleSpeedSensorDirState,Fixe Axle Speed Sensor Direction state,0,0,[custom]
C0,48,RamEcuInputsC0,DB_RAM_ECU,u16FixeAxleSpeedSensorDirRaw,Fixe Axle Speed Sensor Direction Raw value,13818,0,[custom]
C0,49,RamEcuInputsC0,DB_RAM_ECU,eTrailerGacheState,Trailer gache state,0,0,[custom]
C0,50,RamEcuInputsC0,DB_RAM_ECU,u16TrailerGacheRawValue,Trailer gache raw value,4163,0,[custom]
C0,51,RamEcuInputsC0,DB_RAM_ECU,eMeasuringMastSensorFoldedState,Measuring mast sensor folded state,1,0,[custom]
C0,52,RamEcuInputsC0,DB_RAM_ECU,u16MeasuringMastSensorFoldedRaw,Measuring mast sensor folded raw value,24,0,[custom]
C0,175,RamEcuInputsC0,DB_RAM_ECU,i32OscillantAxleFrequency,Oscillant Axle frequency,0,0,[custom]
C0,176,RamEcuInputsC0,DB_RAM_ECU,i32FixeAxleFrequency,Fixe Axle frequency,0,0,[custom]
C0,441,RamEcuInputsC0,DB_RAM_ECU,eAruRadio1ContactState,Aru Radio 1 Contact state,0,0,[custom]
C0,576,RamEcuInputsC0,DB_RAM_ECU,u16AruRadio1ContactRawValue,Aru Radio 1 Contact raw value,5000,0,[custom]
C0,578,RamEcuInputsC0,DB_RAM_ECU,eAruRadio2ContactState,Aru Radio 2 Contact state,0,0,[custom]
C0,580,RamEcuInputsC0,DB_RAM_ECU,u16AruRadio2ContactRawValue,Aru Radio 2 Contact raw value,4991,0,[custom]
C0,581,RamEcuInputsC0,DB_RAM_ECU,eAru1ContactState,Aru 1 Contact state,0,0,[custom]
C0,582,RamEcuInputsC0,DB_RAM_ECU,u16Aru1ContactRawValue,Aru 1 Contact raw value,12802,0,[custom]
C0,584,RamEcuInputsC0,DB_RAM_ECU,eAru2ContactState,Aru 2 Contact state,0,0,[custom]
C0,99,RamEcuInputsC0,DB_RAM_ECU,u16Aru2ContactRawValue,Aru 2 contact raw value,12728,0,[custom]
C0,53,RamEcuOutputsC0,DB_RAM_ECU,boEvDeflectorTransmissionCommand,Ev Deflector Transmission command,1,0,[custom]
C0,54,RamEcuOutputsC0,DB_RAM_ECU,eEvDeflectorTransmissionValue,Ev Deflector Transmission actual value,1,0,[custom]
C0,55,RamEcuOutputsC0,DB_RAM_ECU,boEvUpMeasuringMastCommand,Ev Up Measuring Mast command,0,0,[custom]
C0,56,RamEcuOutputsC0,DB_RAM_ECU,eEvUpMeasuringMastValue,Ev Up Measuring Mast actual value,0,0,[custom]
C0,57,RamEcuOutputsC0,DB_RAM_ECU,boEvDownMeasuringMastCommand,Ev Down Measuring Mast command,0,0,[custom]
C0,58,RamEcuOutputsC0,DB_RAM_ECU,eEvDownMeasuringMastValue,Ev Down Measuring Mast actual value,2,0,[custom]
C0,59,RamEcuOutputsC0,DB_RAM_ECU,boEvServiceBrakeTrackCommand,Ev Service Brake Track command,1,0,[custom]
C0,60,RamEcuOutputsC0,DB_RAM_ECU,eEvServiceBrakeTrackValue,Ev Service Brake Track actual value,1,0,[custom]
C0,61,RamEcuOutputsC0,DB_RAM_ECU,boEvPowerReductionCommand,Ev Power Reduction command,0,0,[custom]
C0,62,RamEcuOutputsC0,DB_RAM_ECU,eEvPowerReductionValue,Ev Power Reduction actual value,0,0,[custom]
C0,63,RamEcuOutputsC0,DB_RAM_ECU,boEvFrameRotation1Command,Ev Frame Rotation 1 command,0,0,[custom]
C0,64,RamEcuOutputsC0,DB_RAM_ECU,eEvFrameRotation1Value,Ev Frame Rotation 1 actual value,2,0,[custom]
C0,65,RamEcuOutputsC0,DB_RAM_ECU,boEvFrameRotation2Command,Ev Frame Rotation 2 command,0,0,[custom]
C0,66,RamEcuOutputsC0,DB_RAM_ECU,eEvFrameRotation2Value,Ev Frame Rotation 2 actual value,2,0,[custom]
C0,67,RamEcuOutputsC0,DB_RAM_ECU,boSupplyRadioReceiverCommand,Supply Radio Receiver command,1,0,[custom]
C0,68,RamEcuOutputsC0,DB_RAM_ECU,eSupplyRadioReceiverValue,Supply Radio Receiver actual value,1,0,[custom]
C0,69,RamEcuOutputsC0,DB_RAM_ECU,boBuzzerLynxMovingMachineCommand,Buzzer Lynx Moving Machine command,0,0,[custom]
C0,70,RamEcuOutputsC0,DB_RAM_ECU,eBuzzerLynxMovingMachineValue,Buzzer Lynx Moving Machine actual value,0,0,[custom]
C0,71,RamEcuOutputsC0,DB_RAM_ECU,boWhiteLightsTrailerCommand,White Lights Trailer command,0,0,[custom]
C0,72,RamEcuOutputsC0,DB_RAM_ECU,eWhiteLightsTrailerValue,White Lights Trailer actual value,0,0,[custom]
C0,73,RamEcuOutputsC0,DB_RAM_ECU,boRedLightsTrailerCommand,Red Lights Trailer command,0,0,[custom]
C0,74,RamEcuOutputsC0,DB_RAM_ECU,eRedLightsTrailerValue,Red Lights Trailer actual value,0,0,[custom]
C0,75,RamEcuOutputsC0,DB_RAM_ECU,boWhiteLightAVGCommand,White Light AVG command,0,0,[custom]
C0,76,RamEcuOutputsC0,DB_RAM_ECU,eWhiteLightAVGValue,White Light AVG actual value,0,0,[custom]
C0,77,RamEcuOutputsC0,DB_RAM_ECU,boWhiteLightAVDCommand,White Light AVD command,0,0,[custom]
C0,78,RamEcuOutputsC0,DB_RAM_ECU,eWhiteLightAVDValue,White Light AVD actual value,0,0,[custom]
C0,79,RamEcuOutputsC0,DB_RAM_ECU,boRedLightAVGCommand,Red Light AVG command,1,0,[custom]
C0,80,RamEcuOutputsC0,DB_RAM_ECU,eRedLightAVGValue,Red Light AVG actual value,1,0,[custom]
C0,81,RamEcuOutputsC0,DB_RAM_ECU,boRedLightAVDCommand,Red Light AVD command,1,0,[custom]
C0,82,RamEcuOutputsC0,DB_RAM_ECU,eRedLightAVDValue,Red Light AVD actual value,1,0,[custom]
C0,83,RamEcuOutputsC0,DB_RAM_ECU,boWhiteLightARGCommand,White Light ARG command,0,0,[custom]
C0,84,RamEcuOutputsC0,DB_RAM_ECU,eWhiteLightARGValue,White Light ARG actual value,0,0,[custom]
C0,85,RamEcuOutputsC0,DB_RAM_ECU,boWhiteLightARDCommand,White Light ARD command,0,0,[custom]
C0,86,RamEcuOutputsC0,DB_RAM_ECU,eWhiteLightARDValue,White Light ARD actual value,0,0,[custom]
C0,87,RamEcuOutputsC0,DB_RAM_ECU,boRedLightARGCommand,Red Light ARG command,1,0,[custom]
C0,88,RamEcuOutputsC0,DB_RAM_ECU,eRedLightARGValue,Red Light ARG actual value,1,0,[custom]
C0,89,RamEcuOutputsC0,DB_RAM_ECU,boRedLightARDCommand,Red Light ARD command,1,0,[custom]
C0,90,RamEcuOutputsC0,DB_RAM_ECU,eRedLightARDValue,Red Light ARD actual value,1,0,[custom]
C0,91,RamEcuOutputsC0,DB_RAM_ECU,boSupllyPvgLeftTrackCommand,Suplly Pvg Left Track command,1,0,[custom]
C0,92,RamEcuOutputsC0,DB_RAM_ECU,eSupllyPvgLeftTrackValue,Suplly Pvg Left Track actual value,1,0,[custom]
C0,93,RamEcuOutputsC0,DB_RAM_ECU,boSupllyPvgRightTrackCommand,Suplly Pvg Right Track command,1,0,[custom]
C0,94,RamEcuOutputsC0,DB_RAM_ECU,eSupllyPvgRightTrackValue,Suplly Pvg Right Track actual value,1,0,[custom]
C0,95,RamEcuOutputsC0,DB_RAM_ECU,eEvUnBlockOscillationAxleState,Ev UnBlock Oscillation Axle state,0,0,[custom]
C0,251,RamEcuOutputsC0,DB_RAM_ECU,boEvUnBlockOscillationAxleCmdBool,Ev UnBlock Oscillation Axle command bool,0,0,[custom]
C0,98,RamEcuOutputsC0,DB_RAM_ECU,eEvUpAxleOscillantState,Ev Up Axle Oscillant state,0,0,[custom]
C0,132,RamEcuOutputsC0,DB_RAM_ECU,boEvUpAxleOscillantCommandBool,Ev Up Axle Oscillant Command Bool,0,0,[custom]
C0,101,RamEcuOutputsC0,DB_RAM_ECU,eEvDownAxleOscillantState,Ev Down Axle Oscillant  state,0,0,[custom]
C0,134,RamEcuOutputsC0,DB_RAM_ECU,boEvDownAxleOscillantCommandBool,Ev Down Axle Oscillant Command Bool,0,0,[custom]
C0,104,RamEcuOutputsC0,DB_RAM_ECU,eEvUpAxleFixeState,Ev Up AxleFixe state,0,0,[custom]
C0,136,RamEcuOutputsC0,DB_RAM_ECU,boEvUpAxleFixeCommandBool,Ev Up Axle Fixe Command Bool,0,0,[custom]
C0,107,RamEcuOutputsC0,DB_RAM_ECU,eEvDownAxleFixeState,Ev Down AxleFixe state,0,0,[custom]
C0,138,RamEcuOutputsC0,DB_RAM_ECU,boEvDownAxleFixeCommandBool,Ev Down Axle Fixe Command Bool,0,0,[custom]
C0,110,RamEcuOutputsC0,DB_RAM_ECU,eEvParkBrakeAxleOscillantState,Ev Park Brake Axle Oscillant  state,0,0,[custom]
C0,252,RamEcuOutputsC0,DB_RAM_ECU,boEvParkBrakeAxleOscillantCmdBool,Ev Park Brake Axle Oscillant  command bool,0,0,[custom]
C0,113,RamEcuOutputsC0,DB_RAM_ECU,eEvParkBrakeAxleFixeState,Ev Park Brake Axle Fixe state,0,0,[custom]
C0,253,RamEcuOutputsC0,DB_RAM_ECU,boEvParkBrakeAxleFixeCmdBool,Ev Park Brake Axle Fixe  command bool,0,0,[custom]
C0,116,RamEcuOutputsC0,DB_RAM_ECU,eEvServiceBrakeAxleOscillantState,Ev Service Brake Axle Oscillant state,0,0,[custom]
C0,128,RamEcuOutputsC0,DB_RAM_ECU,boEvServiceBrakeAxleOsciCmdBool,Ev Service Brake Axle 1 command Bool,0,0,[custom]
C0,119,RamEcuOutputsC0,DB_RAM_ECU,eEvServiceBrakeAxleFixeState,Ev Service Brake Axle Fixe state,2,0,[custom]
C0,130,RamEcuOutputsC0,DB_RAM_ECU,boEvServiceBrakeAxleFixeCmdBool,Ev Service Brake Axle 2 command Bool,0,0,[custom]
C0,122,RamEcuOutputsC0,DB_RAM_ECU,eKlaxonNeotecState,Klaxon Neotec state,0,0,[custom]
C0,254,RamEcuOutputsC0,DB_RAM_ECU,boKlaxonNeotecCmdBool,Klaxon Neotec command bool,0,0,[custom]
C0,354,RamEcuOutputsC0,DB_RAM_ECU,eForwardPumpState,Forward pump state,1,0,[custom]
C0,362,RamEcuOutputsC0,DB_RAM_ECU,u16ForwardPumpCommand,Forward pump  command,6434,0,[custom]
C0,371,RamEcuOutputsC0,DB_RAM_ECU,u16ForwardPumpCurrent,Forward pump actual current,6430,0,[custom]
C0,372,RamEcuOutputsC0,DB_RAM_ECU,eBackwardPumpState,Backward pump state,0,0,[custom]
C0,373,RamEcuOutputsC0,DB_RAM_ECU,u16BackwardPumpCommand,Backward pump  command,0,0,[custom]
C0,374,RamEcuOutputsC0,DB_RAM_ECU,u16BackwardPumpCurrent,Backward pump actual current,0,0,[custom]
C0,347,RamEcuOutputsC0,DB_RAM_ECU,u16PvgLeftTrackCommand,Pvg left track command,5078,0,[custom]
C0,348,RamEcuOutputsC0,DB_RAM_ECU,u16PvgLeftTrackVoltage,Pvg left track actual voltage,5410,0,[custom]
C0,349,RamEcuOutputsC0,DB_RAM_ECU,u16PvgRightTrackCommand,Pvg right track command,7066,0,[custom]
C0,350,RamEcuOutputsC0,DB_RAM_ECU,u16PvgRightTrackVoltage,Pvg right track actual voltage,7086,0,[custom]
C0,249,RamEcuOutputsC0,DB_RAM_ECU,boSupplyAnaSensorsCommand,Supply Ana Sensors Command,1,0,[custom]
C0,250,RamEcuOutputsC0,DB_RAM_ECU,eSupplyAnaSensorsValue,Supply Ana Sensors Value,1,0,[custom]
C0,41,RamEcuOutputsC0,DB_RAM_ECU,boPvgLeftTrackLowsideCommand,Pvg Left Track Lowside Command,1,0,[custom]
C0,42,RamEcuOutputsC0,DB_RAM_ECU,ePvgLeftTrackLowsideValue,Pvg Left Track Lowside Value,1,0,[custom]
C0,472,RamEcuOutputsC0,DB_RAM_ECU,boPvgRightTrackLowsideCommand,Pvg Right Track Lowside Command,1,0,[custom]
C0,473,RamEcuOutputsC0,DB_RAM_ECU,ePvgRightTrackLowsideValue,Pvg Right Track Lowside Value,1,0,[custom]
C0,595,RamEcuOutputsC0,DB_RAM_ECU,boReturnLowSideEvForwardPumpCmd,Return low side Ev Forward Pump command,0,0,[custom]
C0,596,RamEcuOutputsC0,DB_RAM_ECU,eReturnLowSideEvForwardPumpState,Return low side Ev Forward Pump state,0,0,[custom]
C0,597,RamEcuOutputsC0,DB_RAM_ECU,boReturnLowSideEvBackwardPumpCmd,Return low side Ev Backward Pump command,0,0,[custom]
C0,598,RamEcuOutputsC0,DB_RAM_ECU,eReturnLowSideEvBackwardPumpState,Return low side Ev Backward Pump state,0,0,[custom]
C0,177,RamGeneralC0,DB_RAM_ECU,u8LifeByte,Byte increased each cycle,101,0,[custom]
C0,178,RamGeneralC0,DB_RAM_ECU,eWatchdogState,Watchdog current state,6,0,[custom]
C0,485,RamGeneralC0,DB_RAM_ECU,u16EcuVoltage,Ecu voltage,14200,0,[custom]
C0,397,RamGeneralC0,DB_RAM_ECU,eMovementNacelleMode,Movement Nacelle Mode,1,0,[custom]
C0,398,RamGeneralC0,DB_RAM_ECU,eOffRailMode,Off Rail Mode,0,0,[custom]
C0,428,RamGeneralC0,DB_RAM_ECU,eRailMode,Rail Mode,0,0,[custom]
C0,607,RamGeneralC0,DB_RAM_ECU,eWorkMode,Work Mode,0,0,[custom]
C0,345,RamGeneralC0,DB_RAM_ECU,i16OutputLutLeftManipulator,Output value Lut of Manipulator left radio control in range -10000 to 10000,0,0,%
C0,343,RamGeneralC0,DB_RAM_ECU,i16OutputLutLeftTrackPvg,Output value Lut of Left Track Pvg ,7087,0,[custom]
C0,351,RamGeneralC0,DB_RAM_ECU,i16OutputLutRightManipulator,Output value Lut of Manipulator Right radio control in range -10000 to 10000,0,0,%
C0,352,RamGeneralC0,DB_RAM_ECU,i16OutputLutRightTrackPvg,Output value Lut of Right Track Pvg ,7079,0,[custom]
C0,376,RamGeneralC0,DB_RAM_ECU,i16OutputLutJoystickAdvanceRail,Outût value Lut of Joystick advance Rail translation,0,0,[custom]
C0,377,RamGeneralC0,DB_RAM_ECU,i16OutputLutForwardPumpTransmission,Output Lut  of Forward Pump Transmission,0,0,[custom]
C0,382,RamGeneralC0,DB_RAM_ECU,i16OutputLutBackwardPumpTransm,Output Lut  of Backward Pump Transmission,0,0,[custom]
C0,357,RamGeneralC0,DB_RAM_ECU,i16ConsigneForwardPumpTransmPercent,Calculate consigne current of Forward Pump transmission on percent *100,0,0,-
C0,430,RamGeneralC0,DB_RAM_ECU,i16LastJoystickAdvanceValue,LastJoystickAdvanceValue,0,0,[custom]
C0,363,RamGeneralC0,DB_RAM_ECU,i16JoystickAdvanceScalingValue,Scaling Value of Joystick advancement,0,0,[custom]
C0,433,RamGeneralC0,DB_RAM_ECU,eStateServiceBrakeRail,State of service brake rail translation,2,0,[custom]
C0,434,RamGeneralC0,DB_RAM_ECU,boEnableStartTimerServiceBrake,Enable Start timer for service brake,1,0,[custom]
C0,375,RamGeneralC0,DB_RAM_ECU,u16SpeedMotorCommandTest,Speed motor command provide by track transaltion,0,0,[custom]
C0,399,RamGeneralC0,DB_RAM_ECU,boForceSilentModeMotorTest,Force silent mode motor test,0,0,[custom]
C0,400,RamGeneralC0,DB_RAM_ECU,u16AngularSensorTest,Angular sensor test,0,0,[custom]
C0,126,RamGeneralC0,DB_RAM_ECU,u16SpeedAxleSensor,Speed axle sensor,0,0,[custom]
C0,446,RamGeneralC0,DB_RAM_ECU,u32AverageTimeCycle,Average Time cycle,3030,0,[custom]
C0,447,RamGeneralC0,DB_RAM_ECU,u32MaxTimeCycle,Max time cycle,3677,0,[custom]
C0,460,RamGeneralC0,DB_RAM_ECU,boFirstTranslationReleaseParkBrake,First translation for release park brake,0,0,[custom]
C0,461,RamGeneralC0,DB_RAM_ECU,boAutorizeUpAxleOscillant,Autorize Up Axle Oscillant movement,1,0,[custom]
C0,462,RamGeneralC0,DB_RAM_ECU,boAutorizeDownAxleOscillant,Autorize Down Axle Oscillant movement,1,0,[custom]
C0,463,RamGeneralC0,DB_RAM_ECU,boAutorizeUpAxlefixe,Autorize Up Axle fixe movement,1,0,[custom]
C0,464,RamGeneralC0,DB_RAM_ECU,boAutorizeDownAxlefixe,Autorize Down Axle fixe movement,1,0,[custom]
C0,465,RamGeneralC0,DB_RAM_ECU,boEngineOn,Engine On run phase,0,0,[custom]
C0,111,RamGeneralC0,DB_RAM_ECU,boTranslationMovementIsSolicited,Transaltion rail or off rail is solicited ; flag send to C1 to pilot motor,0,0,[custom]
C0,124,RamGeneralC0,DB_RAM_ECU,eRailTranslationDirection,Direction of rail translation (Av Ar Stop),2,0,[custom]
C0,302,RamGeneralC0,DB_RAM_ECU,boSetConditionAruRadioAlarm,Set condition to active Aru radio alarm,0,0,[custom]
C0,652,RamGeneralC0,DB_RAM_ECU,i16JoystickAdvanceSetpointAfterRamp,Joystick advance setpoint after ramp,0,0,[custom]
C0,661,RamGeneralC0,DB_RAM_ECU,boStabilizedStop,Stabilized stop flag to active park brake rail,1,0,[custom]
C0,662,RamGeneralC0,DB_RAM_ECU,boEmergencyBrake,Emergency brake flag to active sequence of brake,1,0,[custom]
C0,735,RamGeneralC0,DB_RAM_ECU,boEmergencyServiceBrakeTimerDone,Flag when the timer emergency service brake is done,1,0,[custom]
C0,664,RamGeneralC0,DB_RAM_ECU,boStoppedMachineUnblkOsciTimerDone,Flag when the timer stopped machine unblock osciilant axle is done,1,0,[custom]
C0,891,RamGeneralC0,DB_RAM_ECU,i16OutLutLeftManipulatorAfterRamp,Output value Lut of Manipulator left radio control in range -10000 to 10000 after ramp,0,0,[custom]
C0,892,RamGeneralC0,DB_RAM_ECU,i16OutLutRightManipulatorAfterRamp,Output value Lut of Manipulator right radio control in range -10000 to 10000 after ramp,0,0,[custom]
C0,487,RamGeneralC0,DB_RAM_ECU,u16DeltaBeetweenLeftRightPvgCrawler,Delta beetwen left and right Pvg crawler advancement,0,0,[custom]
C0,894,RamGeneralC0,DB_RAM_ECU,i16ConsigneLeftPvgTrack,Consigne left pvg track calcul with delta beetween left and right,0,0,[custom]
C0,895,RamGeneralC0,DB_RAM_ECU,i16ConsigneRightPvgTrack,Consigne right pvg track calcul with delta beetween left and right,0,0,[custom]
C0,96,Ram48XsInputsC0,DB_RAM_ECU,boUpInclinaisonBasketButton,Up  Inclinaison basket button,0,0,[custom]
C0,125,Ram48XsInputsC0,DB_RAM_ECU,u16UpInclinaisonBasketButtonValue,Up  Inclinaison basket button value,65535,0,[custom]
C0,127,Ram48XsInputsC0,DB_RAM_ECU,boDownInclinaisonBasketButtonValue,Down  Inclinaison basket button value,0,0,[custom]
C0,129,Ram48XsInputsC0,DB_RAM_ECU,boUpPendularButtonValue,Up pendular button value,0,0,[custom]
C0,131,Ram48XsInputsC0,DB_RAM_ECU,boDownPendularButtonValue,Down pendular button value,0,0,[custom]
C0,133,Ram48XsInputsC0,DB_RAM_ECU,boLeftRotationBasketButtonValue,Left rotation basket button value,0,0,[custom]
C0,135,Ram48XsInputsC0,DB_RAM_ECU,boRightRotationBasketButtonValue,Right rotation basket button value,0,0,[custom]
C0,137,Ram48XsInputsC0,DB_RAM_ECU,boNacelleBasketRightSideSensor1Val,Nacelle basket right side sensor 1 value,0,0,[custom]
C0,139,Ram48XsInputsC0,DB_RAM_ECU,boNacelleBasketRightSideSensor2Val,Nacelle basket right side sensor 2 value,0,0,[custom]
C0,141,Ram48XsInputsC0,DB_RAM_ECU,boNacelleBasketLeftSideSensor1Val,Nacelle basket left side sensor 1 value,0,0,[custom]
C0,143,Ram48XsInputsC0,DB_RAM_ECU,boNacelleBasketLeftSideSensor2Val,Nacelle basket left side sensor 2 value,0,0,[custom]
C0,145,Ram48XsInputsC0,DB_RAM_ECU,boLowSectorPendularSensorValue,Low sector pendular sensor value,0,0,[custom]
C0,147,Ram48XsInputsC0,DB_RAM_ECU,boHighSectorPendularSensorValue,High sector pendular sensor value,0,0,[custom]
C0,149,Ram48XsInputsC0,DB_RAM_ECU,boDeadManPedalValue,Dead man pedal value,0,0,[custom]
C0,151,Ram48XsInputsC0,DB_RAM_ECU,boDeltaArmJystckCenteredTelcpeVal,Delta arm Joystick / centered telescope value,0,0,[custom]
C0,152,Ram48XsInputsC0,DB_RAM_ECU,boBoomJoystickCenteredTurretValue,Boom Joystick / centered turret value,0,0,[custom]
C0,153,Ram48XsInputsC0,DB_RAM_ECU,boCenteredAdvanceCenteredValue,Centered advance centered value,0,0,[custom]
C0,154,Ram48XsInputsC0,DB_RAM_ECU,boPressenceInNacelleSensor1Value,Pressence in nacelle sensor 1 value,0,0,[custom]
C0,155,Ram48XsInputsC0,DB_RAM_ECU,boGachetteValue,Gachette value,0,0,[custom]
C0,156,Ram48XsInputsC0,DB_RAM_ECU,boKlaxonValue,Klaxon value,0,0,[custom]
C0,157,Ram48XsInputsC0,DB_RAM_ECU,boMotorStarterButtonValue,Motor starter button value,0,0,[custom]
C0,158,Ram48XsInputsC0,DB_RAM_ECU,boAuthorizationWorkKeyValue,Authorization work key value,0,0,[custom]
C0,159,Ram48XsInputsC0,DB_RAM_ECU,boPlateBasketSensorValue,Plate basket sensor value,0,0,[custom]
C0,160,Ram48XsInputsC0,DB_RAM_ECU,boFoldedLadderSensorValue,Folded ladder sensor value,0,0,[custom]
C0,161,Ram48XsInputsC0,DB_RAM_ECU,u16SafetyManSystemValue,Safety man system value,65535,0,[custom]
C0,162,Ram48XsInputsC0,DB_RAM_ECU,u16DeltaArmAxisJoystickValue,Delta arm axis joystick value,65535,0,[custom]
C0,163,Ram48XsInputsC0,DB_RAM_ECU,u16ArrowArmAxisJoystickValue,Arrow arm axis joystick value,65535,0,[custom]
C0,164,Ram48XsInputsC0,DB_RAM_ECU,u16TelescopeArmAxisJoysitckValue,Telescope arm axis joystick value,65535,0,[custom]
C0,165,Ram48XsInputsC0,DB_RAM_ECU,u16RotationTurretAxisJoystickValue,Rotation turret axis joystick value,65535,0,[custom]
C0,166,Ram48XsInputsC0,DB_RAM_ECU,u16AdvanceAxisJoystickValue,Advance axis joystick value,6811,0,[custom]
C0,97,Ram48XsInputsC0,DB_RAM_ECU,boDownInclinaisonBasketButton,Down  Inclinaison basket button,0,0,[custom]
C0,106,Ram48XsInputsC0,DB_RAM_ECU,boUpPendularButton,Up pendular button,0,0,[custom]
C0,108,Ram48XsInputsC0,DB_RAM_ECU,boDownPendularButton,Down pendular button,0,0,[custom]
C0,439,Ram48XsInputsC0,DB_RAM_ECU,u16BatterieVoltage48Xs,Batterie voltage 48xs,13590,0,[custom]
C0,167,Ram48XsOutputsC0,DB_RAM_ECU,boWhiteLightsCommand,White Lights command,0,0,[custom]
C0,168,Ram48XsOutputsC0,DB_RAM_ECU,eWhiteLightsValue,White Lights actual value,2,0,[custom]
C0,169,Ram48XsOutputsC0,DB_RAM_ECU,boRedLightsCommand,Red Lights command,0,0,[custom]
C0,170,Ram48XsOutputsC0,DB_RAM_ECU,eRedLightsValue,Red Lights actual value,2,0,[custom]
C0,171,Ram48XsOutputsC0,DB_RAM_ECU,boWorkLightCommand,Work Light command,0,0,[custom]
C0,172,Ram48XsOutputsC0,DB_RAM_ECU,eWorkLightValue,Work Light command,2,0,[custom]
C0,173,Ram48XsOutputsC0,DB_RAM_ECU,boBuzzerCommand,Buzzer command,0,0,[custom]
C0,174,Ram48XsOutputsC0,DB_RAM_ECU,eBuzzerValue,Buzzer actual value,2,0,[custom]
C0,358,RamEcuInputRadioControl,DB_RAM_ECU,eStateRadioControl,State of radio control,5,0,[custom]
C0,360,RamEcuInputRadioControl,DB_RAM_ECU,u8LeftManipulator,Left manipulator,0,0,[custom]
C0,385,RamEcuInputRadioControl,DB_RAM_ECU,u8RightManipulator,Right manipulator,0,0,[custom]
C0,386,RamEcuInputRadioControl,DB_RAM_ECU,eLeftManipulatorPosition,LeftManipulatorPosition,0,0,[custom]
C0,387,RamEcuInputRadioControl,DB_RAM_ECU,eRightManipulatorPosition,RightManipulatorPosition,0,0,[custom]
C0,388,RamEcuInputRadioControl,DB_RAM_ECU,boUpAxleArFixe,UpAxleArFixe,0,0,[custom]
C0,389,RamEcuInputRadioControl,DB_RAM_ECU,boDownAxleArFixe,DownAxleArFixe,0,0,[custom]
C0,390,RamEcuInputRadioControl,DB_RAM_ECU,boUpAxleAvOscillant,UpAxleAvOscillant,0,0,[custom]
C0,391,RamEcuInputRadioControl,DB_RAM_ECU,boDownAxleAvOscillant,DownAxleAvOscillant,0,0,[custom]
C0,392,RamEcuInputRadioControl,DB_RAM_ECU,boRotationFrameCtClkwise,Rotation frame Coutner clockwise,0,0,[custom]
C0,393,RamEcuInputRadioControl,DB_RAM_ECU,boRotationFrameClkwise,Rotation frame clockwise,0,0,[custom]
C0,394,RamEcuInputRadioControl,DB_RAM_ECU,boSelectorRotTurret,Selector rotation turret,0,0,[custom]
C0,395,RamEcuInputRadioControl,DB_RAM_ECU,boSelectorPendular,Selector pendular,0,0,[custom]
C0,396,RamEcuInputRadioControl,DB_RAM_ECU,boRadioCommandConnect,Radio command connect,1,0,[custom]
C0,289,RamEcuInputRadioControl,DB_RAM_ECU,boUpPendularOrRotCtClkTurret,Up pendular or rotation clockwise turret,0,0,[custom]
C0,290,RamEcuInputRadioControl,DB_RAM_ECU,boDownPendularOrRotClkTurret,down pendular or rotation counter clockwise turret,0,0,[custom]
C0,117,RamEcuInputRadioControl,DB_RAM_ECU,boStartRadioCommand,Start radio command,0,0,[custom]
C0,118,RamEcuInputRadioControl,DB_RAM_ECU,boStopRadioCommand,Stop radio command,0,0,[custom]
C0,307,RamEcuInputRadioControl,DB_RAM_ECU,boForcingAdvanceTrack,Forcing advance track,0,0,[custom]
C0,308,RamEcuInputRadioControl,DB_RAM_ECU,boKlaxonCommand,Klaxon command,0,0,[custom]
C0,600,RamCanSensorC0,DB_RAM_ECU,u16EncodeurTurret1PointPerTour,Encodeur turret 1 point per tour,28667,0,[custom]
C0,601,RamCanSensorC0,DB_RAM_ECU,i16EncodeurTurret1AngleRaw,Encodeur turret 1 angle raw,6297,0,[°/100]
C0,666,RamCanSensorC0,DB_RAM_ECU,i16EncodeurTurret1Angle,Encodeur turret 1 angle with calibration parameters,2697,0,[custom]
C0,602,RamCanSensorC0,DB_RAM_ECU,u16EncodeurTurret2PointPerTour,Encodeur turret 2 point per tour,28660,0,[custom]
C0,603,RamCanSensorC0,DB_RAM_ECU,i16EncodeurTurret2AngleRaw,Encodeur turret 2 angle raw,6295,0,[custom]
C0,691,RamCanSensorC0,DB_RAM_ECU,i16EncodeurTurret2Angle,Encodeur turret 2 angle with calibration parameters,2695,0,[custom]
C0,604,RamCanSensorC0,DB_RAM_ECU,i16SlopeLongAngleSensor,Devers X axis angle value,-3,0,[°/10]
C0,605,RamCanSensorC0,DB_RAM_ECU,i16SlopeTransAngleSensor,Devers Y axis angle value,-12,0,[°/10]
C0,918,RamCanSensorC0,DB_RAM_ECU,i16SlopeLongAngleValue,Slope Long Angle value with calibration offset,-2,0,[°/10]
C0,919,RamCanSensorC0,DB_RAM_ECU,i16SlopeTransAngleValue,Slope Trans Angle value with calibration offset,-12,0,[°/10]
C0,753,RamCanSensorC0,DB_RAM_ECU,u8StateHeartBeatDeversSensor,State heart beat devers sensor,0,0,[custom]
C0,754,RamCanSensorC0,DB_RAM_ECU,u8StateHeartBeatEncodeurTurret,State heart beat encodeur turret sensor,0,0,[custom]
C0,606,RamEvision7C0,DB_RAM_ECU,boLoginStatus,User Log in Status (1=log in),0,0,[custom]
C0,105,RamEvision7C0,DB_RAM_ECU,boAllowMovementNacelle,Movement Allow Status,0,0,[custom]
C0,314,RamEvision7C0,DB_RAM_ECU,bogBreak_Parking_On_Off,Break Parking Status,0,0,[custom]
C0,610,RamEvision7C0,DB_RAM_ECU,bogBreak_Faillure_On_Off,Break Faillure Status,0,0,[custom]
C0,612,RamEvision7C0,DB_RAM_ECU,bogTurretInCenter,Turret Sector in Center,0,0,[custom]
C0,611,RamEvision7C0,DB_RAM_ECU,bogTurretSectorInCenter,Turret Sector in Center,0,0,[custom]
C0,613,RamEvision7C0,DB_RAM_ECU,bogVehiculeTrainMode,Vehicule in Train Mode (Speed in MPH),0,0,[custom]
C0,614,RamEvision7C0,DB_RAM_ECU,bogIncoherenceLateralStopAndKey,Incoherence between Lateral Stop and Key selector (A47),0,0,[custom]
C0,615,RamEvision7C0,DB_RAM_ECU,bogWorkMode,0=Work Mode activate 1=Site Acces Mode  (A4),0,0,[custom]
C0,616,RamEvision7C0,DB_RAM_ECU,bogSafetyElectricPump,Safety Electric Pump Activate (A44),0,0,[custom]
C0,617,RamEvision7C0,DB_RAM_ECU,bogDownhill150mm,Downhill between 150mm and 200mm (A13),0,0,[custom]
C0,618,RamEvision7C0,DB_RAM_ECU,bogTrainModeAllow,Train Mode Allow (A10),0,0,[custom]
C0,619,RamEvision7C0,DB_RAM_ECU,bogBrakeTestService,Brake test need to be launch (A22),0,0,[custom]
C0,620,RamEvision7C0,DB_RAM_ECU,bogBrakePressureFault,Brake Pressure Fault (A14),0,0,[custom]
C0,621,RamEvision7C0,DB_RAM_ECU,bogActivateMeasuringMast,Activate Measuring Mast (A21),0,0,[custom]
C0,622,RamEvision7C0,DB_RAM_ECU,bogAutoMovementDirectionLight,Auto Movement Direction Light (A23),0,0,[custom]
C0,623,RamEvision7C0,DB_RAM_ECU,bogBackRailwayAxleLowPosition,Back Railway Axle in Low Position (A7),0,0,[custom]
C0,624,RamEvision7C0,DB_RAM_ECU,bogFrontRailwayAxleLowPosition,Front Railway Axle in Low Position (A7),0,0,[custom]
C0,625,RamEvision7C0,DB_RAM_ECU,bogBackRailwayAxleServiceBrake,Back Railway Axle Service Brake (A25),0,0,[custom]
C0,626,RamEvision7C0,DB_RAM_ECU,bogFrontRailwayAxleServiceBrake,Front Railway Axle Service Brake (A25),0,0,[custom]
C0,627,RamEvision7C0,DB_RAM_ECU,bogBackRailwayAxleParkBrake,Back Railway Axle Park Brake (A26),0,0,[custom]
C0,628,RamEvision7C0,DB_RAM_ECU,bogFrontRailwayAxleParkBrake,Front Railway Axle Park Brake (A26) ,0,0,[custom]
C0,629,RamEvision7C0,DB_RAM_ECU,bogStatusFrontLeftTrainBrakeTest,Status of Front Left Train Brake Test (A27),0,0,[custom]
C0,630,RamEvision7C0,DB_RAM_ECU,bogStatusFrontRightTrainBrakeTest,Status of Front Right Train Brake Test (A27),0,0,[custom]
C0,631,RamEvision7C0,DB_RAM_ECU,bogStatusBackLeftTrainBrakeTest,Status of Back Left Train Brake Test (A27),0,0,[custom]
C0,632,RamEvision7C0,DB_RAM_ECU,bogStatusBackRightTrainBrakeTest,Status of Back Left Train Brake Test (A27),0,0,[custom]
C0,586,RamEvision7C0,DB_RAM_ECU,bogAlarmAru,Status of the ARU alarm,0,0,[custom]
C0,684,RamEvision7C0,DB_RAM_ECU,u16gEngine_Use_Time,Engine use time in hour,65535,0,[custom]
C0,685,RamEvision7C0,DB_RAM_ECU,u16gEngine_RPM,Engine RPM,1274,0,[custom]
C0,686,RamEvision7C0,DB_RAM_ECU,u16gVehiculeSpeed,Vehicule Speed in Km/h * 100,65535,0,[custom]
C0,687,RamEvision7C0,DB_RAM_ECU,u8gLateralizationStop,Lateralization Stop 1=bi lateralization 2=ALO Work 3=Multiple track (A3),255,0,[custom]
C0,688,RamEvision7C0,DB_RAM_ECU,u8gKeySelector,Key Selector 1=bi lateralization 2=ALO Work 3=Multiple track(A6),255,0,[custom]
C0,689,RamEvision7C0,DB_RAM_ECU,u8gFrontSpeedRailWayAxle,Front Speed Railway Axle in Km/h (A24),255,0,[custom]
C0,690,RamEvision7C0,DB_RAM_ECU,u8gBackSpeedRailWayAxle,Back Speed Railway Axle in Km/h,255,0,[custom]
C0,100,RamEcuC0RcvFromC1,DB_RAM_ECU,eC1TurretPostSelector,Turret post selector input C1,0,0,[custom]
C0,102,RamEcuC0RcvFromC1,DB_RAM_ECU,eC1RadioPostSelector,Radio Post Selector input C1,1,0,[custom]
C0,103,RamEcuC0RcvFromC1,DB_RAM_ECU,eC1NacellePostSelector,Nacelle Post Selector input C1,0,0,[custom]
C0,647,RamEcuC0RcvFromC1,DB_RAM_ECU,boUpAxleOscillantCommand,Up axle oscillant command,0,0,[custom]
C0,648,RamEcuC0RcvFromC1,DB_RAM_ECU,boDownAxleOscillantCommand,Down axle oscillant command,0,0,[custom]
C0,649,RamEcuC0RcvFromC1,DB_RAM_ECU,boUpAxleFixeCommand,Up axle Fixe command,0,0,[custom]
C0,650,RamEcuC0RcvFromC1,DB_RAM_ECU,boDownAxleFixeCommand,Down axle Fixecommand,0,0,[custom]
C0,653,RamEcuC0RcvFromC1,DB_RAM_ECU,i32RegimeMotorAlternatorRpm,Regime motor alternator rpm,1294,0,[custom]
C0,756,RamEcuCaliCmdC0,DB_RAM_ECU,boCalibTurretAngle,Command to perform the calibration of turret angle,0,0,[custom]
C0,916,RamEcuCaliCmdC0,DB_RAM_ECU,boCalibSlopeLong,Command to perform the calibration of longetude angle,0,0,[custom]
C0,917,RamEcuCaliCmdC0,DB_RAM_ECU,boCalibSlopeTrans,Command to perform the calibration of transversal angle,0,0,[custom]
C0,760,RamEcuCaliCmdC0,DB_RAM_ECU,boSavedCalibrationListC0,Command to saved calibration list value on EEPROM,0,0,[custom]
C0,579,NvOptionsC0,DB_NVM_OPT,boConfigHollandaise,Select config hollandaise to control light,0,0,[custom]
C0,660,NvOptionsC0,DB_NVM_OPT,boLimitSetPointBetween2Track,Limit the set point between the 2 tracks,1,0,[custom]
C0,361,NvParametersC0,DB_NVM_PAR,u16LimitTresholdAngleRadioControl,Limit threshold of angle to stop movement ; angular sensor from radio control,75,0,°
C0,383,NvParametersC0,DB_NVM_PAR,u16TresholdMinimalSpeedParkBrake,Treshold minimal speed to active park brake,5,0,[custom]
C0,364,NvParametersC0,DB_NVM_PAR,u16TresholdMinimalSpeedServiceBrake,Treshold minimal speed to active service brake,8,0,[custom]
C0,355,NvParametersC0,DB_NVM_PAR,u8AdditionnalPourcentFwardPumpCmd,Additionnal Pourcent Forward Pump Command,0,0,%
C0,356,NvParametersC0,DB_NVM_PAR,u8AddPrctFwardPumpSilentModeMotor,Additionnal Pourcent Forward Pump Command when sient mode is active,20,0,%
C0,476,NvParametersC0,DB_NVM_PAR,u8NodeIdRadioCommand,Node Id radio command,60,0,[custom]
C0,524,NvParametersC0,DB_NVM_PAR,u8DeadZoneJoystickRotationTurret,Dead Zone joystick rotation turret,8,0,[%]
C0,673,NvParametersC0,DB_NVM_PAR,u32ServiceAxleBrakeTimeBeforeBrake,Timer before 2nd Service Axle brake rail translation,10000,0,[ms]
C0,674,NvParametersC0,DB_NVM_PAR,u32ServiceBrakeOffrailTime,Time Service Brake Offrail,2000,0,[ms]
C0,435,NvParametersC0,DB_NVM_PAR,u16EngineOffCurEvForwardPump,Ev Forward Pump - PWM output parameters- engine off current,1000,0,[mA/10]
C0,583,NvParametersC0,DB_NVM_PAR,u16MinCurEvForwardPump,Ev Forward Pump - PWM output parameters- minimal current,3000,0,[mA/10]
C0,585,NvParametersC0,DB_NVM_PAR,u16StopCurEvForwardPump,Ev Forward Pump - PWM output parameters- stop current ,1100,0,[mA/10]
C0,675,NvParametersC0,DB_NVM_PAR,u16EngineOffCurEvBackwardPump,Ev Backward Pump - PWM output parameters- engine off current,1000,0,[mA/10]
C0,676,NvParametersC0,DB_NVM_PAR,u16MinCurEvBackwardPump,Ev Backward Pump - PWM output parameters- minimal current,3000,0,[mA/10]
C0,677,NvParametersC0,DB_NVM_PAR,u16StopCurEvBackwardPump,Ev Backward Pump - PWM output parameters- stop current ,1100,0,[mA/10]
C0,427,NvParametersC0,DB_NVM_PAR,u8PosNeutralJoyAdvancement,Position neutral of joystick advancement regarding batterie voltage,52,0,[%]
C0,408,NvParametersC0,DB_NVM_PAR,u16PidGpEvForwardPump,PID - Ev Forward Pump - Gp - proportional gain,400,0,[custom]
C0,409,NvParametersC0,DB_NVM_PAR,u16PidTiEvForwardPump,PID - Ev Forward Pump - Ti - integration time constant,50,0,[custom]
C0,410,NvParametersC0,DB_NVM_PAR,u16PidTdEvForwardPump,PID - Ev Forward Pump - Td - derivation time constant,0,0,[custom]
C0,429,NvParametersC0,DB_NVM_PAR,u16PidGpEvBackwardPump,PID - Ev Forward Pump - Gp - proportional gain,400,0,[custom]
C0,431,NvParametersC0,DB_NVM_PAR,u16PidTiEvBackwardPump,PID - Ev Forward Pump - Ti - integration time constant,50,0,[custom]
C0,436,NvParametersC0,DB_NVM_PAR,u16PidTdEvBackwardPump,PID - Ev Forward Pump - Td - derivation time constant,0,0,[custom]
C0,769,NvParametersC0,DB_NVM_PAR,i16OutCharPosPressureBlockOscil,PressureBlockOscillationSensor - input current - output characteristic - Positif,250,0,[Bar]
C0,770,NvParametersC0,DB_NVM_PAR,i16OutCharNeuPressureBlockOscil,PressureBlockOscillationSensor - input current - output characteristic - Neutral,0,0,[Bar]
C0,771,NvParametersC0,DB_NVM_PAR,i16OutCharNegPressureBlockOscil,PressureBlockOscillationSensor - input current - output characteristic - Negatif,0,0,[custom]
C0,772,NvParametersC0,DB_NVM_PAR,i16OutCharPosPressureBrake,PressureBrakeSensor - input current - output characteristic - Positif,250,0,[Bar]
C0,773,NvParametersC0,DB_NVM_PAR,i16OutCharNeuPressureBrake,PressureBrakeSensor - input current - output characteristic - Neutral,0,0,[Bar]
C0,774,NvParametersC0,DB_NVM_PAR,i16OutCharNegPressureBrake,PressureBrakeSensor - input current - output characteristic - Negatif,0,0,[custom]
C0,775,NvParametersC0,DB_NVM_PAR,i16OutCharPosTempTransmission,TemperatureTransmissionSensor - input current - output characteristic - Positif,250,0,[Bar]
C0,776,NvParametersC0,DB_NVM_PAR,i16OutCharNeuTempTransmission,TemperatureTransmissionSensor - input current - output characteristic - Neutral,0,0,[Bar]
C0,777,NvParametersC0,DB_NVM_PAR,i16OutCharNegTempTransmission,TemperatureTransmissionSensor - input current - output characteristic - Negatif,0,0,[custom]
C0,423,NvParametersC0,DB_NVM_PAR,i16MinConsigneEvForwardRail,Consigne min Ev forward apply with joystick advancement,4000,0,[mA/10]
C0,457,NvParametersC0,DB_NVM_PAR,i16MaxConsigneEvForwardRail,Consigne max Ev forward apply with joystick advancement,11150,0,[mA/10]
C0,539,NvParametersC0,DB_NVM_PAR,i16MinConsigneEvBackwardRail,Consigne min Ev backward apply with joystick advancement,4000,0,[mA/10]
C0,540,NvParametersC0,DB_NVM_PAR,i16MaxConsigneEvBackwardRail,Consigne max Ev backward apply with joystick advancement,11150,0,[mA/10]
C0,893,NvParametersC0,DB_NVM_PAR,au16TimeRampEvAdvancementRail,,1000,0,[ms]
C0,893,NvParametersC0,DB_NVM_PAR,au16TimeRampEvAdvancementRail,,1000,1,[ms]
C0,893,NvParametersC0,DB_NVM_PAR,au16TimeRampEvAdvancementRail,,1000,2,[ms]
C0,893,NvParametersC0,DB_NVM_PAR,au16TimeRampEvAdvancementRail,,1000,3,[ms]
C0,856,NvParametersC0,DB_NVM_PAR,i16MinConsigneEvForwardCrawler,Consigne min Ev forward apply for crawler advancement,5000,0,[mA/10]
C0,857,NvParametersC0,DB_NVM_PAR,i16MaxConsigneEvForwardCrawler,Consigne max Ev forward apply for crawler advancement,11150,0,[mA/10]
C0,651,NvParametersC0,DB_NVM_PAR,au16EvForwardCrawlerAdvanceRampRatio,,100,0,[custom]
C0,651,NvParametersC0,DB_NVM_PAR,au16EvForwardCrawlerAdvanceRampRatio,,100,1,[custom]
C0,654,NvParametersC0,DB_NVM_PAR,u16TresholdRegimeMotorParkBrake,Park Brake rail - Treshold of regime motor to active park brake rail ,500,0,[custom]
C0,655,NvParametersC0,DB_NVM_PAR,u8MinPvgLeftTrackAv,Consigne min Pvg Left Track apply when mapinulator get out neutral position to forward position,58,0,[%]
C0,656,NvParametersC0,DB_NVM_PAR,u8MaxPvgLeftTrackAv,Consigne max Pvg Left Track Av,75,0,[%]
C0,657,NvParametersC0,DB_NVM_PAR,u8MinPvgLeftTrackAr,Consigne min Pvg Left Track apply when mapinulator get out neutral position to backward position,40,0,[%]
C0,658,NvParametersC0,DB_NVM_PAR,u8MaxPvgLeftTrackAr,Consigne max Pvg Left Track Ar,25,0,[%]
C0,858,NvParametersC0,DB_NVM_PAR,u8MinPvgRightTrackAv,Consigne min Pvg Right Track apply when mapinulator get out neutral position to forward position,58,0,[%]
C0,859,NvParametersC0,DB_NVM_PAR,u8MaxPvgRightTrackAv,Consigne max Pvg Right Track Av,75,0,[%]
C0,860,NvParametersC0,DB_NVM_PAR,u8MinPvgRightTrackAr,Consigne min Pvg Right Track apply when mapinulator get out neutral position to backward position,40,0,[%]
C0,861,NvParametersC0,DB_NVM_PAR,u8MaxPvgRightTrackAr,Consigne max Pvg Right Track Ar,25,0,[%]
C0,659,NvParametersC0,DB_NVM_PAR,au16TimeRampLeftTrack,,200,0,[ms]
C0,659,NvParametersC0,DB_NVM_PAR,au16TimeRampLeftTrack,,200,1,[ms]
C0,659,NvParametersC0,DB_NVM_PAR,au16TimeRampLeftTrack,,200,2,[ms]
C0,659,NvParametersC0,DB_NVM_PAR,au16TimeRampLeftTrack,,200,3,[ms]
C0,862,NvParametersC0,DB_NVM_PAR,au16TimeRampRightTrack,,200,0,[ms]
C0,862,NvParametersC0,DB_NVM_PAR,au16TimeRampRightTrack,,200,1,[ms]
C0,862,NvParametersC0,DB_NVM_PAR,au16TimeRampRightTrack,,200,2,[ms]
C0,862,NvParametersC0,DB_NVM_PAR,au16TimeRampRightTrack,,200,3,[ms]
C0,432,NvParametersC0,DB_NVM_PAR,u32TimeStabilizedStopDetection,Time to detect stabilized stop machine,20000,0,[ms]
C0,755,NvParametersC0,DB_NVM_PAR,i32TresholdLowSpeedStabilizedStop,Treshold low spped to start timer to detect stabilized stop machine,10,0,[custom]
C0,663,NvParametersC0,DB_NVM_PAR,u32TimeEmergencyServiceBrake,Time before release service brake when emergency brake is detected,5000,0,[ms]
C0,426,NvParametersC0,DB_NVM_PAR,u32TimeStoppedMachineUnblockOscAxle,Time stopped machine to controle unblock oscillation axle,10000,0,[custom]
C0,665,NvParametersC0,DB_NVM_PAR,i32TresholdLowSpeedUnblockOsciAxle,Low treshold speed of oscillation and fixe axle to start timer unblock oscillation axle,10,0,[custom]
C0,486,NvParametersC0,DB_NVM_PAR,u16GapMaxPvgCrawlerAdvancement,Gap max beetween left and right Pvg crawler advancement,5000,0,[custom]
C0,335,NvCalibrationC0,DB_NVM_CAL,u8ManipulatorLeftMaxPointLut,Max point Lut Manipulator Left radio control,2,0,[custom]
C0,336,NvCalibrationC0,DB_NVM_CAL,ai16ManipulatorLeftXValue,,0,0,[custom]
C0,336,NvCalibrationC0,DB_NVM_CAL,ai16ManipulatorLeftXValue,,255,1,[custom]
C0,337,NvCalibrationC0,DB_NVM_CAL,ai16ManipulatorLeftYValue,,0,0,[custom]
C0,337,NvCalibrationC0,DB_NVM_CAL,ai16ManipulatorLeftYValue,,10000,1,[custom]
C0,340,NvCalibrationC0,DB_NVM_CAL,u8ManipulatorRightMaxPointLut,Max point Lut Manipulator Right radio control,2,0,[custom]
C0,341,NvCalibrationC0,DB_NVM_CAL,ai16ManipulatorRightXValue,,0,0,[custom]
C0,341,NvCalibrationC0,DB_NVM_CAL,ai16ManipulatorRightXValue,,255,1,[custom]
C0,342,NvCalibrationC0,DB_NVM_CAL,ai16ManipulatorRightYValue,,0,0,[custom]
C0,342,NvCalibrationC0,DB_NVM_CAL,ai16ManipulatorRightYValue,,10000,1,[custom]
C0,346,NvCalibrationC0,DB_NVM_CAL,u8LeftTrackPvgMaxPointLut,Max point Lut for Left track pvg command,2,0,[custom]
C0,338,NvCalibrationC0,DB_NVM_CAL,au16LeftTrackPvgRampRatio,,100,0,0.1mV/ms
C0,338,NvCalibrationC0,DB_NVM_CAL,au16LeftTrackPvgRampRatio,,100,1,0.1mV/ms
C0,344,NvCalibrationC0,DB_NVM_CAL,ai16RangeValueOfLeftTrackPvgRamp,,0,0,[custom]
C0,344,NvCalibrationC0,DB_NVM_CAL,ai16RangeValueOfLeftTrackPvgRamp,,0,1,[custom]
C0,344,NvCalibrationC0,DB_NVM_CAL,ai16RangeValueOfLeftTrackPvgRamp,,10000,2,[custom]
C0,339,NvCalibrationC0,DB_NVM_CAL,au16RightTrackPvgRampRatio,,100,0,0.1mV/ms
C0,339,NvCalibrationC0,DB_NVM_CAL,au16RightTrackPvgRampRatio,,100,1,0.1mV/ms
C0,353,NvCalibrationC0,DB_NVM_CAL,ai16RangeValueOfRightTrackPvgRamp,,0,0,[custom]
C0,353,NvCalibrationC0,DB_NVM_CAL,ai16RangeValueOfRightTrackPvgRamp,,0,1,[custom]
C0,353,NvCalibrationC0,DB_NVM_CAL,ai16RangeValueOfRightTrackPvgRamp,,10000,2,[custom]
C0,365,NvCalibrationC0,DB_NVM_CAL,u8ForwardPumpTransmisMaxPointLut,Max point Lut Forward pump transmission rail translation,2,0,[custom]
C0,366,NvCalibrationC0,DB_NVM_CAL,ai16ForwardPumpTransmissionXValue,,0,0,[custom]
C0,366,NvCalibrationC0,DB_NVM_CAL,ai16ForwardPumpTransmissionXValue,,10000,1,[custom]
C0,367,NvCalibrationC0,DB_NVM_CAL,ai16ForwardPumpTransmissionYValue,,0,0,[custom]
C0,367,NvCalibrationC0,DB_NVM_CAL,ai16ForwardPumpTransmissionYValue,,20000,1,[custom]
C0,368,NvCalibrationC0,DB_NVM_CAL,u8BackwardPumpTransmisMaxPointLut,Max point Lut Backward pump transmission rail translation,2,0,[custom]
C0,369,NvCalibrationC0,DB_NVM_CAL,ai16BackwardPumpTransmissionXValue,,0,0,[custom]
C0,369,NvCalibrationC0,DB_NVM_CAL,ai16BackwardPumpTransmissionXValue,,10000,1,[custom]
C0,370,NvCalibrationC0,DB_NVM_CAL,ai16BackwardPumpTransmissionYValue,,0,0,[custom]
C0,370,NvCalibrationC0,DB_NVM_CAL,ai16BackwardPumpTransmissionYValue,,20000,1,[custom]
C0,378,NvCalibrationC0,DB_NVM_CAL,au16ForwardPumpTransmissionRampRatio,,100,0,0.1mA/ms
C0,378,NvCalibrationC0,DB_NVM_CAL,au16ForwardPumpTransmissionRampRatio,,100,1,0.1mA/ms
C0,379,NvCalibrationC0,DB_NVM_CAL,ai16RangeValueForwardPumpTransRamp,,0,0,[custom]
C0,379,NvCalibrationC0,DB_NVM_CAL,ai16RangeValueForwardPumpTransRamp,,0,1,[custom]
C0,379,NvCalibrationC0,DB_NVM_CAL,ai16RangeValueForwardPumpTransRamp,,20000,2,[custom]
C0,380,NvCalibrationC0,DB_NVM_CAL,au16BackwardPumpTransmissionRampRtio,,100,0,0.1mA/ms
C0,380,NvCalibrationC0,DB_NVM_CAL,au16BackwardPumpTransmissionRampRtio,,100,1,0.1mA/ms
C0,381,NvCalibrationC0,DB_NVM_CAL,ai16RangeValueBackwardPumpTransRamp,,0,0,[custom]
C0,381,NvCalibrationC0,DB_NVM_CAL,ai16RangeValueBackwardPumpTransRamp,,0,1,[custom]
C0,381,NvCalibrationC0,DB_NVM_CAL,ai16RangeValueBackwardPumpTransRamp,,20000,2,[custom]
C0,411,NvCalibrationC0,DB_NVM_CAL,i16EncodeurTurretOffset,Offset apply to calcul angle of turret,0,0,[custom]
C0,412,NvCalibrationC0,DB_NVM_CAL,i16EncodeurTurretCaliAngle,Reference angle to calibrate value of turret angle,0,0,[custom]
C0,914,NvCalibrationC0,DB_NVM_CAL,i16SlopeLongOffset,Slope Long offset to calibrate value of longetude angle,0,0,[custom]
C0,915,NvCalibrationC0,DB_NVM_CAL,i16SlopeTransOffset,Slope Trans offset to calibrate value of transversal angle,0,0,[custom]

